old_host,old_path,new_path
nyctdentistry.com,/blog/,/articles.html
nyctdentistry.com,/accessibility-statement/,/accessibility.html
nyctdentistry.com,/terms-conditions/,/terms.html
nyctdentistry.com,/services/tooth-extractions/,/services/tooth-extractions.html
nyctdentistry.com,/services/teeth-whitening/,/services/teeth-whitening.html
nyctdentistry.com,/services/preventive-care/,/services/preventive-care.html
nyctdentistry.com,/services/porcelain-veneers/,/services/porcelain-veneers.html
nyctdentistry.com,/services/invisalign/,/services/invisalign.html
nyctdentistry.com,/services/emergency-dentistry/,/services/emergency-dentistry.html
nyctdentistry.com,/services/dentures/,/services/dentures.html
nyctdentistry.com,/services/dental-implants/,/services/dental-implants.html
nyctdentistry.com,/services/dental-crowns/,/services/dental-crowns.html
nyctdentistry.com,/services/cosmetic-dentistry/,/services/cosmetic-dentistry.html
nyctdentistry.com,/services/,/services.html
nyctdentistry.com,/privacy/,/privacy.html
nyctdentistry.com,/patient-resources/testimonials/,/testimonials.html
nyctdentistry.com,/patient-resources/specials/,/insurance.html#specials
nyctdentistry.com,/patient-resources/insurance-and-financing-mt-kisco/,/insurance.html#plans
nyctdentistry.com,/patient-resources/insurance-and-financing-kent/,/insurance.html#plans
nyctdentistry.com,/patient-resources/cherry-financing/,/insurance.html#financing
nyctdentistry.com,/patient-resources/beforeafter/,/smiles.html
nyctdentistry.com,/patient-resources/,/insurance.html
nyctdentistry.com,/contact-us/,/contact.html
nyctdentistry.com,/about-us/mt-kisco-ny/,/locations/mount-kisco.html
nyctdentistry.com,/about-us/,/doctors.html
nyctdentistry.com,/about-us-kent-ct/,/locations/kent.html
nyctdentistry.com,/cookie-policy/,/privacy.html
nyctdentistry.com,/,/index.html
nyctdentistry.com,/privacy-policy/,/privacy.html
nyctdentistry.com,/style-guide/,/index.html
nyctdentistry.com,/terms-of-service/,/terms.html
nyctdentistry.com,/hello-world/,/articles.html
nyctdentistry.com,/category/uncategorized/,/articles.html
nyctdentistry.com,/author/websitesenergize-group-com/,/articles.html
clearsmiledentalstudio.com,/,/locations/stamford.html
clearsmiledentalstudio.com,/are-single-dental-implants-worth-it/,/articles/are-single-dental-implants-worth-it.html
clearsmiledentalstudio.com,/before-after-gallery/,/smiles.html
clearsmiledentalstudio.com,/best-dental-implant-dentist-in-stamford-ct-top-rated/,/articles/best-dental-implant-dentist-in-stamford-ct-top-rated.html
clearsmiledentalstudio.com,/blog/,/articles.html
clearsmiledentalstudio.com,/category/dental-care/,/articles.html
clearsmiledentalstudio.com,/category/uncategorized/,/articles.html
clearsmiledentalstudio.com,/contact-us/,/contact.html
clearsmiledentalstudio.com,/cosmetic-dentistry/,/services/cosmetic-dentistry.html
clearsmiledentalstudio.com,/dental-crowns/,/services/dental-crowns.html
clearsmiledentalstudio.com,/dental-implants-darien-ct/,/service-area.html
clearsmiledentalstudio.com,/dental-implants-greenwich-ct/,/service-area.html
clearsmiledentalstudio.com,/dental-implants-new-canaan-ct/,/service-area.html
clearsmiledentalstudio.com,/dental-implants-new-rochelle-ny/,/service-area.html
clearsmiledentalstudio.com,/dental-implants-norwalk-ct/,/service-area.html
clearsmiledentalstudio.com,/dental-implants-port-chester-ny/,/service-area.html
clearsmiledentalstudio.com,/dental-implants-riverside-ct/,/service-area.html
clearsmiledentalstudio.com,/dental-implants-stamford-ct/,/services/dental-implants.html
clearsmiledentalstudio.com,/dental-implants-westchester-ny/,/service-area.html
clearsmiledentalstudio.com,/dental-implants-westport-ct/,/service-area.html
clearsmiledentalstudio.com,/dental-implants-which-is-right-for-you/,/articles/dental-implants-which-is-right-for-you.html
clearsmiledentalstudio.com,/dentures/,/services/dentures.html
clearsmiledentalstudio.com,/emergency-dentistry/,/services/emergency-dentistry.html
clearsmiledentalstudio.com,/full-arch-implants/,/services/full-arch-implants.html
clearsmiledentalstudio.com,/greenwich-ct-dental-health/,/articles/greenwich-ct-dental-health.html
clearsmiledentalstudio.com,/healing-process-after-dental-implants-what-to-expect/,/articles/healing-process-after-dental-implants-what-to-expect.html
clearsmiledentalstudio.com,/how-bad-does-a-tooth-need-to-be-to-be-extracted/,/articles/how-bad-does-a-tooth-need-to-be-to-be-extracted.html
clearsmiledentalstudio.com,/how-do-i-choose-a-local-dentist-in-stamford-ct/,/articles/how-do-i-choose-a-local-dentist-in-stamford-ct.html
clearsmiledentalstudio.com,/how-do-i-find-the-best-local-dentist-in-stamford-ct/,/articles/how-do-i-find-the-best-local-dentist-in-stamford-ct.html
clearsmiledentalstudio.com,/how-do-people-afford-to-go-to-the-dentist/,/articles/how-do-people-afford-to-go-to-the-dentist.html
clearsmiledentalstudio.com,/how-do-you-know-if-the-dentist-you-found-is-a-good-dentist-or-not/,/articles/how-do-you-know-if-the-dentist-you-found-is-a-good-dentist-or-not.html
clearsmiledentalstudio.com,/how-do-you-know-who-is-a-good-dentist/,/articles/how-do-you-know-who-is-a-good-dentist.html
clearsmiledentalstudio.com,/how-long-does-an-implanted-tooth-last/,/articles/how-long-does-an-implanted-tooth-last.html
clearsmiledentalstudio.com,/how-long-does-it-take-to-get-dental-implants-from-start-to-finish/,/articles/how-long-does-it-take-to-get-dental-implants-from-start-to-finish.html
clearsmiledentalstudio.com,/how-much-do-dental-implants-cost-near-connecticut/,/articles/how-much-do-dental-implants-cost-near-connecticut.html
clearsmiledentalstudio.com,/how-painful-is-getting-a-dental-implant/,/articles/how-painful-is-getting-a-dental-implant.html
clearsmiledentalstudio.com,/how-to-afford-full-dental-implants-in-connecticut/,/articles/how-to-afford-full-dental-implants-in-connecticut.html
clearsmiledentalstudio.com,/how-to-treat-sensitivity-after-teeth-whitening/,/articles/how-to-treat-sensitivity-after-teeth-whitening.html
clearsmiledentalstudio.com,/implant-restorations/,/services/dental-implants.html
clearsmiledentalstudio.com,/in-house-membership-plan/,/insurance.html
clearsmiledentalstudio.com,/insurance-and-financing/,/insurance.html
clearsmiledentalstudio.com,/invisalign-vs-braces-which-is-faster/,/articles/invisalign-vs-braces-which-is-faster.html
clearsmiledentalstudio.com,/is-going-to-the-dentist-a-big-deal/,/articles/is-going-to-the-dentist-a-big-deal.html
clearsmiledentalstudio.com,/lectures/,/doctor.html#training
clearsmiledentalstudio.com,/looking-for-a-pain-free-dentist-in-stamford-ct/,/articles/looking-for-a-pain-free-dentist-in-stamford-ct.html
clearsmiledentalstudio.com,/meet-our-doctors/,/doctors.html
clearsmiledentalstudio.com,/meet-the-team/,/doctors.html#team
clearsmiledentalstudio.com,/new-rochelle-dental-health/,/articles/new-rochelle-dental-health.html
clearsmiledentalstudio.com,/newpatientspecial/,/insurance.html#specials
clearsmiledentalstudio.com,/norwalk-ct-dental-health/,/articles/norwalk-ct-dental-health.html
clearsmiledentalstudio.com,/our-practice/,/locations/stamford.html
clearsmiledentalstudio.com,/pay-with-cherry/,/insurance.html#financing
clearsmiledentalstudio.com,/periodontal-care/,/services/periodontal-care.html
clearsmiledentalstudio.com,/preventive-dentistry/,/services/preventive-care.html
clearsmiledentalstudio.com,/privacy-policy/,/privacy.html
clearsmiledentalstudio.com,/restorative-dentistry/,/services/restorative-dentistry.html
clearsmiledentalstudio.com,/root-canal-aftercare-what-to-expect/,/articles/root-canal-aftercare-what-to-expect.html
clearsmiledentalstudio.com,/root-canal-treatment/,/services/root-canal-treatment.html
clearsmiledentalstudio.com,/single-tooth-implants/,/services/single-tooth-implants.html
clearsmiledentalstudio.com,/sitemap/,/index.html
clearsmiledentalstudio.com,/teeth-whitening/,/services/teeth-whitening.html
clearsmiledentalstudio.com,/test-form/,/contact.html
clearsmiledentalstudio.com,/testimonials/,/testimonials.html
clearsmiledentalstudio.com,/tooth-extractions/,/services/tooth-extractions.html
clearsmiledentalstudio.com,/veneers-vs-lumineers-whats-best-for-me/,/articles/veneers-vs-lumineers-whats-best-for-me.html
clearsmiledentalstudio.com,/veneers/,/services/porcelain-veneers.html
clearsmiledentalstudio.com,/what-are-the-most-common-types-of-restorative-dentistry/,/articles/what-are-the-most-common-types-of-restorative-dentistry.html
clearsmiledentalstudio.com,/what-does-gum-disease-look-like/,/articles/what-does-gum-disease-look-like.html
clearsmiledentalstudio.com,/what-happens-to-teeth-under-veneers/,/articles/what-happens-to-teeth-under-veneers.html
clearsmiledentalstudio.com,/what-is-the-average-cost-of-a-dental-implant-in-ct/,/articles/what-is-the-average-cost-of-a-dental-implant-in-ct.html
clearsmiledentalstudio.com,/what-is-the-process-of-root-canal-treatment/,/articles/what-is-the-process-of-root-canal-treatment.html
clearsmiledentalstudio.com,/what-to-look-for-in-a-dental-implant-specialist/,/articles/what-to-look-for-in-a-dental-implant-specialist.html
clearsmiledentalstudio.com,/why-does-my-dentist-want-to-give-me-preventative-fillings/,/articles/why-does-my-dentist-want-to-give-me-preventative-fillings.html
kentdentistryct.com,/,/locations/kent.html
kentdentistryct.com,/are-single-dental-implants-worth-it/,/articles/are-single-dental-implants-worth-it.html
kentdentistryct.com,/author/tjl_buddy_gmb/,/articles.html
kentdentistryct.com,/before-after-gallery/,/smiles.html
kentdentistryct.com,/best-dental-implant-dentist-in-kent-ct-top-rated/,/locations/kent.html
kentdentistryct.com,/blog/,/articles.html
kentdentistryct.com,/contact-us/,/contact.html
kentdentistryct.com,/cosmetic-dentistry/,/services/cosmetic-dentistry.html
kentdentistryct.com,/dental-crowns/,/services/dental-crowns.html
kentdentistryct.com,/dental-implants-darien-ct/,/service-area.html
kentdentistryct.com,/dental-implants-greenwich-ct/,/service-area.html
kentdentistryct.com,/dental-implants-kent-ct/,/locations/kent.html
kentdentistryct.com,/dental-implants-new-canaan-ct/,/service-area.html
kentdentistryct.com,/dental-implants-new-rochelle-ny/,/service-area.html
kentdentistryct.com,/dental-implants-norwalk-ct/,/service-area.html
kentdentistryct.com,/dental-implants-port-chester-ny/,/service-area.html
kentdentistryct.com,/dental-implants-riverside-ct/,/service-area.html
kentdentistryct.com,/dental-implants-stamford-ct/,/services/dental-implants.html
kentdentistryct.com,/dental-implants-westchester-ny/,/service-area.html
kentdentistryct.com,/dental-implants-westport-ct/,/service-area.html
kentdentistryct.com,/dental-implants-which-is-right-for-you/,/articles/dental-implants-which-is-right-for-you.html
kentdentistryct.com,/dentures/,/services/dentures.html
kentdentistryct.com,/emergency-dentistry/,/services/emergency-dentistry.html
kentdentistryct.com,/full-arch-implants/,/services/full-arch-implants.html
kentdentistryct.com,/greenwich-ct-dental-health/,/articles/greenwich-ct-dental-health.html
kentdentistryct.com,/healing-process-after-dental-implants-what-to-expect/,/articles/healing-process-after-dental-implants-what-to-expect.html
kentdentistryct.com,/how-do-i-choose-a-local-dentist-in-kent-ct/,/locations/kent.html
kentdentistryct.com,/how-do-i-find-the-best-local-dentist-in-kent-ct/,/locations/kent.html
kentdentistryct.com,/how-do-people-afford-to-go-to-the-dentist/,/articles/how-do-people-afford-to-go-to-the-dentist.html
kentdentistryct.com,/how-do-you-know-if-the-dentist-you-found-is-a-good-dentist-or-not/,/articles/how-do-you-know-if-the-dentist-you-found-is-a-good-dentist-or-not.html
kentdentistryct.com,/how-do-you-know-who-is-a-good-dentist/,/articles/how-do-you-know-who-is-a-good-dentist.html
kentdentistryct.com,/how-long-does-it-take-to-get-dental-implants-from-start-to-finish/,/articles/how-long-does-it-take-to-get-dental-implants-from-start-to-finish.html
kentdentistryct.com,/how-much-do-dental-implants-cost-near-connecticut/,/articles/how-much-do-dental-implants-cost-near-connecticut.html
kentdentistryct.com,/how-to-treat-sensitivity-after-teeth-whitening/,/articles/how-to-treat-sensitivity-after-teeth-whitening.html
kentdentistryct.com,/implant-restorations/,/services/dental-implants.html
kentdentistryct.com,/in-house-membership-plan/,/insurance.html
kentdentistryct.com,/insurance-and-financing/,/insurance.html
kentdentistryct.com,/invisalign-vs-braces-which-is-faster/,/articles/invisalign-vs-braces-which-is-faster.html
kentdentistryct.com,/invisalign/,/services/invisalign.html
kentdentistryct.com,/is-going-to-the-dentist-a-big-deal/,/articles/is-going-to-the-dentist-a-big-deal.html
kentdentistryct.com,/lectures/,/doctor.html#training
kentdentistryct.com,/looking-for-a-pain-free-dentist-in-kent-ct/,/locations/kent.html
kentdentistryct.com,/meet-our-doctors/,/doctors.html
kentdentistryct.com,/meet-the-team/,/doctors.html#team
kentdentistryct.com,/new-rochelle-dental-health/,/articles/new-rochelle-dental-health.html
kentdentistryct.com,/newpatientspecial/,/insurance.html#specials
kentdentistryct.com,/norwalk-ct-dental-health/,/articles/norwalk-ct-dental-health.html
kentdentistryct.com,/our-practice/,/locations/kent.html
kentdentistryct.com,/pay-with-cherry/,/insurance.html#financing
kentdentistryct.com,/periodontal-care/,/services/periodontal-care.html
kentdentistryct.com,/preventive-dentistry/,/services/preventive-care.html
kentdentistryct.com,/privacy-policy/,/privacy.html
kentdentistryct.com,/restorative-dentistry/,/services/restorative-dentistry.html
kentdentistryct.com,/root-canal-aftercare-what-to-expect/,/articles/root-canal-aftercare-what-to-expect.html
kentdentistryct.com,/root-canal-treatment/,/services/root-canal-treatment.html
kentdentistryct.com,/single-tooth-implants/,/services/single-tooth-implants.html
kentdentistryct.com,/sitemap/,/index.html
kentdentistryct.com,/special-offers/,/insurance.html#specials
kentdentistryct.com,/teeth-whitening/,/services/teeth-whitening.html
kentdentistryct.com,/test-form/,/contact.html
kentdentistryct.com,/testimonials/,/testimonials.html
kentdentistryct.com,/tooth-extractions/,/services/tooth-extractions.html
kentdentistryct.com,/veneers-vs-lumineers-whats-best-for-me/,/articles/veneers-vs-lumineers-whats-best-for-me.html
kentdentistryct.com,/veneers/,/services/porcelain-veneers.html
kentdentistryct.com,/what-are-the-most-common-types-of-restorative-dentistry/,/articles/what-are-the-most-common-types-of-restorative-dentistry.html
kentdentistryct.com,/what-does-gum-disease-look-like/,/articles/what-does-gum-disease-look-like.html
kentdentistryct.com,/what-is-the-average-cost-of-a-dental-implant-in-ct/,/articles/what-is-the-average-cost-of-a-dental-implant-in-ct.html
kentdentistryct.com,/what-to-look-for-in-a-dental-implant-specialist/,/articles/what-to-look-for-in-a-dental-implant-specialist.html
kentdentistryct.com,/why-does-my-dentist-want-to-give-me-preventative-fillings/,/articles/why-does-my-dentist-want-to-give-me-preventative-fillings.html
